Workbook

Sheet Job pr. 1.000 indbyggere
A1: Kommune | B1: Job ultimo november 2024 | C1: Befolkning 1. december 2024 | D1: Job pr. 1.000 indbyggere
A2: København | B2: 525788 | C2: 668906 | D2: =ROUND(B2/C2*1000,1) -> 786
A3: Frederiksberg | B3: 51699 | C3: 106360 | D3: =ROUND(B3/C3*1000,1) -> 486.1
A4: Dragør | B4: 4029 | C4: 14468 | D4: =ROUND(B4/C4*1000,1) -> 278.5
A5: Tårnby | B5: 32796 | C5: 44009 | D5: =ROUND(B5/C5*1000,1) -> 745.2
A6: Albertslund | B6: 24622 | C6: 28133 | D6: =ROUND(B6/C6*1000,1) -> 875.2
A7: Ballerup | B7: 54729 | C7: 52744 | D7: =ROUND(B7/C7*1000,1) -> 1037.6
A8: Brøndby | B8: 30633 | C8: 40435 | D8: =ROUND(B8/C8*1000,1) -> 757.6
A9: Gentofte | B9: 49308 | C9: 75102 | D9: =ROUND(B9/C9*1000,1) -> 656.5
A10: Gladsaxe | B10: 60269 | C10: 71054 | D10: =ROUND(B10/C10*1000,1) -> 848.2
A11: Glostrup | B11: 23138 | C11: 24792 | D11: =ROUND(B11/C11*1000,1) -> 933.3
A12: Herlev | B12: 27170 | C12: 30573 | D12: =ROUND(B12/C12*1000,1) -> 888.7
A13: Hvidovre | B13: 36591 | C13: 53805 | D13: =ROUND(B13/C13*1000,1) -> 680.1
... A99: Aalborg | B99: 136353 | C99: 224619 | D99: =ROUND(B99/C99*1000,1) -> 607
A101: Kilder: Danmarks Statistik, Statistikbanken. ERHV2 (Job ultimo november, TOT Erhverv i alt, 2024) og FOLK1AM (Befolkningen den 1. i måneden, alder i alt, køn i alt, 2024M12). Blå tal = originale værdier fra kilderne; kolonne D er formel.
A102: Christiansø indgår ikke, da den ikke er en kommune. "Hele landet", regioner, "Uden for Danmark" og "Uoplyst kommune" er også udeladt.

Sheet Kontrol
A1: Kontroloversigt
A3: Forventet antal kommuner | B3: 98
A4: Antal kommuner matchet | B4: =COUNTA('Job pr. 1.000 indbyggere'!A2:A99) -> 98
A5: Antal kommuner der mangler | B5: =B3-B4 -> 0
A6: Rækker med gyldig beregning | B6: =COUNT('Job pr. 1.000 indbyggere'!D2:D99) -> 98
A7: Kommuner med matchningsproblemer | B7: Ingen – alle 98 kommunenavne er identiske i de to filer
A8: Laveste værdi (job pr. 1.000 indb.) | B8: =MIN('Job pr. 1.000 indbyggere'!D2:D99) -> 278.5
A9: Kommune | B9: =INDEX('Job pr. 1.000 indbyggere'!A2:A99,MATCH(B8,'Job pr. 1.000 indbyggere'!D2:D99,0)) -> Dragør
A10: Højeste værdi (job pr. 1.000 indb.) | B10: =MAX('Job pr. 1.000 indbyggere'!D2:D99) -> 1037.6
A11: Kommune | B11: =INDEX('Job pr. 1.000 indbyggere'!A2:A99,MATCH(B10,'Job pr. 1.000 indbyggere'!D2:D99,0)) -> Ballerup
A12: Sum job, 98 kommuner | B12: =SUM('Job pr. 1.000 indbyggere'!B2:B99) -> 3475557
A13: Sum befolkning, 98 kommuner | B13: =SUM('Job pr. 1.000 indbyggere'!C2:C99) -> 5995538
A14: Landstal (job pr. 1.000 indb.) | B14: =ROUND(B12/B13*1000,1) -> 579.7
A16: Udeladte rækker (ikke kommuner)
A17: Hele landet (begge filer) | B17: Landstotal
A18: Region Hovedstaden … Region Nordjylland (befolkningsfil) | B18: Regioner
A19: Christiansø (begge filer) | B19: Ikke en kommune (administreres af Forsvarsministeriet): 41 job, 90 indbyggere
A20: Uden for Danmark (jobfil) | B20: 14.932 job – ikke knyttet til en kommune
A21: Uoplyst kommune (jobfil) | B21: 2.897 job – ikke knyttet til en kommune
A23: Bemærk: "Landstal" er beregnet på summen af de 98 kommuner og er derfor ikke det samme som tallet for "Hele landet".
